"sample_name","ms2_acquisition_num","ms2_retention_time","precursor_mz","xcms_peak_idx","xcms_peak_mz","xcms_peak_rtmed","xcms_peak_rtmin","xcms_peak_rtmax","group_id","feature_id","pca_subset_row","umap_x","umap_y","cluster_id"
"Posi_Ida_Chlamydomonas_1",251,38.964,466.315001794033,150,466.315544065594,39.81199999998,36.77200000002,43.971,150,"feature_150",4,-1.97509397830818,-10.8872396142665,46
"Posi_Ida_Chlamydomonas_1",253,39.654,466.316557087334,150,466.315544065594,39.81199999998,36.77200000002,43.971,150,"feature_150",5,2.09221647415306,-12.4878789575282,0
"Posi_Ida_Chlamydomonas_1",255,40.09399999998,502.301071061363,165,502.300632255694,41.19199999998,38.43199999998,44.67100000002,165,"feature_165",6,-9.88788797225807,-8.28849331452283,10
"Posi_Ida_Chlamydomonas_1",256,40.344,507.255536837967,173,507.255624406909,41.19199999998,38.43199999998,45.792,173,"feature_173",7,-3.54280545081947,-3.30766526772413,31
"Posi_Ida_Chlamydomonas_1",260,40.83400000002,502.301312338325,165,502.300632255694,41.19199999998,38.43199999998,44.67100000002,165,"feature_165",8,-9.85062982406471,-8.24909035279187,10
"Posi_Ida_Chlamydomonas_1",261,40.93399999998,507.256298114774,173,507.255624406909,41.19199999998,38.43199999998,45.792,173,"feature_173",9,-3.88347579803322,-3.57993737770948,30
"Posi_Ida_Chlamydomonas_1",266,42.42400000002,341.280267707664,197,341.279914637925,43.281,40.50199999998,46.65100000002,197,"feature_197",10,-5.56390525665138,-6.01751629425916,28
"Posi_Ida_Chlamydomonas_1",268,42.774,341.280058091639,197,341.279914637925,43.281,40.50199999998,46.65100000002,197,"feature_197",11,-3.58972193565224,-3.29411570145521,31
"Posi_Ida_Chlamydomonas_1",277,44.21299999998,494.348086955251,238,494.346925718871,44.67100000002,40.50199999998,46.65100000002,238,"feature_238",13,-9.71422674026344,-11.1663638742152,9
"Posi_Ida_Chlamydomonas_1",283,45.003,494.347078921717,238,494.346925718871,44.67100000002,40.50199999998,46.65100000002,238,"feature_238",15,-9.71435643997047,-11.1663591058436,9
"Posi_Ida_Chlamydomonas_1",353,58.16299999998,496.362880452759,609,496.362683496551,62.08999999998,56.793,67.92400000002,609,"feature_609",20,8.65939710769798,-11.5192929895106,21
"Posi_Ida_Chlamydomonas_1",359,59.14300000002,496.362430307846,609,496.362683496551,62.08999999998,56.793,67.92400000002,609,"feature_609",21,8.65037248764183,-11.5179216058436,21
"Posi_Ida_Chlamydomonas_1",412,62.922,496.363525220896,609,496.362683496551,62.08999999998,56.793,67.92400000002,609,"feature_609",27,8.66184709701683,-11.5161286981288,21
"Posi_Ida_Chlamydomonas_1",418,63.22300000002,847.551950307994,552,847.547752220582,63.48,60.69100000002,67.92400000002,552,"feature_552",28,-3.57803584899757,-3.31265226914319,31
"Posi_Ida_Chlamydomonas_1",431,64.023,847.54693453198,552,847.547752220582,63.48,60.69100000002,67.92400000002,552,"feature_552",32,-3.58075429763649,-3.31999174668226,31
"Posi_Ida_Chlamydomonas_1",435,64.362,330.169834235739,496,330.169665465081,64.87000000002,62.79,66.94999999998,496,"feature_496",33,-3.39431239929054,-13.9943219812098,0
"Posi_Ida_Chlamydomonas_1",447,65.112,330.169421656653,496,330.169665465081,64.87000000002,62.79,66.94999999998,496,"feature_496",34,-3.42194368209694,-13.966873327035,0
"Posi_Ida_Chlamydomonas_1",474,68.94199999998,643.239504609583,670,643.239975350847,69.99,66.25999999998,76.89,670,"feature_670",37,1.17623243961479,-16.0861055047694,16
"Posi_Ida_Chlamydomonas_1",476,69.14200000002,884.59650867616,595,884.594585986666,68.61,66.25999999998,72.06,595,"feature_595",39,-3.6760785755143,-3.38688484742078,31
"Posi_Ida_Chlamydomonas_1",480,69.48199999998,631.233421057882,653,631.238673566137,70.68,66.25999999998,76.89,653,"feature_653",40,-5.11676456298683,10.2466104833898,11
"Posi_Ida_Chlamydomonas_1",481,69.53200000002,643.241033236347,670,643.239975350847,69.99,66.25999999998,76.89,670,"feature_670",41,1.18276558551933,-16.0968152673427,16
"Posi_Ida_Chlamydomonas_1",483,69.63199999998,708.489842672162,629,708.489144859404,70.68,67.782,74.82,629,"feature_629",43,-9.03106119003151,0.879272720080287,18
"Posi_Ida_Chlamydomonas_1",486,69.83299999998,884.589544454376,595,884.594585986666,68.61,66.25999999998,72.06,595,"feature_595",46,-3.63235427703712,-3.34503332688245,31
"Posi_Ida_Chlamydomonas_1",488,70.122,620.434263275043,639,620.436023402943,71.37,68.61,77.034,639,"feature_639",47,-8.99072458114479,0.838170668345362,18
"Posi_Ida_Chlamydomonas_1",489,70.22200000002,664.461234755167,628,664.462582606541,71.37,62.08999999998,74.82,628,"feature_628",48,-9.14069940414284,1.0099750368413,17
"Posi_Ida_Chlamydomonas_1",490,70.37200000002,708.488844025246,629,708.489144859404,70.68,67.782,74.82,629,"feature_629",49,-9.03054715957497,0.878877898913294,18
"Posi_Ida_Chlamydomonas_1",491,70.52200000002,752.513944610186,616,752.515639873713,70.68,67.782,74.13,616,"feature_616",50,-9.0296888526902,0.878001174193293,18
"Posi_Ida_Chlamydomonas_1",494,70.91200000002,576.409014533489,649,576.40992680584,71.37,68.61,77.034,649,"feature_649",51,-9.13488485183571,1.00367518351641,17
"Posi_Ida_Chlamydomonas_1",495,71.01199999998,620.436048497171,639,620.436023402943,71.37,68.61,77.034,639,"feature_639",52,-9.12995149459694,0.99908651993838,17
"Posi_Ida_Chlamydomonas_1",496,71.112,664.462283153854,628,664.462582606541,71.37,62.08999999998,74.82,628,"feature_628",53,-9.04812528457497,0.900768717986018,18
"Posi_Ida_Chlamydomonas_1",497,71.21200000002,752.514064372004,616,752.515639873713,70.68,67.782,74.13,616,"feature_616",54,-2.01649536456917,-1.52372423722181,33
"Posi_Ida_Chlamydomonas_1",503,71.652,576.409830536927,649,576.40992680584,71.37,68.61,77.034,649,"feature_649",55,-9.14296056594704,1.01147945807543,17
"Posi_Ida_Chlamydomonas_1",505,71.75200000002,631.240815454605,653,631.238673566137,70.68,66.25999999998,76.89,653,"feature_653",56,-5.12635089721535,10.2561577169713,11
"Posi_Ida_Chlamydomonas_1",523,75.05200000002,498.378372526561,703,498.37772583373,75.51,72.75,79.39000000002,703,"feature_703",57,-0.423014539144974,-9.19951740815076,45
"Posi_Ida_Chlamydomonas_1",531,75.84199999998,498.377520442839,703,498.37772583373,75.51,72.75,79.39000000002,703,"feature_703",58,-0.457137870453339,-9.17653194977674,45
"Posi_Ida_Chlamydomonas_1",550,79.92199999998,632.241478255036,690,632.241778635465,81.46000000002,77.86999999998,84.36,690,"feature_690",60,-1.98119093742226,-4.143407979745,32
"Posi_Ida_Chlamydomonas_1",556,81.30199999998,632.241967360484,690,632.241778635465,81.46000000002,77.86999999998,84.36,690,"feature_690",62,-1.97567595805977,-4.15113226487073,32
"Posi_Ida_Chlamydomonas_1",560,82.68199999998,615.242432353897,756,615.243364594817,84.501,80.77000000002,88.67899999998,756,"feature_756",64,1.30680964622643,-16.5646764428798,16
"Posi_Ida_Chlamydomonas_1",563,83.37199999998,615.242456677746,756,615.243364594817,84.501,80.77000000002,88.67899999998,756,"feature_756",66,1.17567072544243,-16.0860654504481,16
"Posi_Ida_Chlamydomonas_1",566,84.20200000002,637.225844535968,737,637.22556924847,84.501,81.46000000002,88.67899999998,737,"feature_737",67,1.11676750812675,-4.64929453446302,42
"Posi_Ida_Chlamydomonas_1",573,85.671,637.221148951683,737,637.22556924847,84.501,81.46000000002,88.67899999998,737,"feature_737",69,1.08358929786827,-4.63272158219251,42
"Posi_Ida_Chlamydomonas_1",574,85.872,643.237342827732,767,643.238942238399,86.316,76.89,91.18900000002,767,"feature_767",70,1.32649825248863,-16.5331098230067,16
"Posi_Ida_Chlamydomonas_1",578,86.85100000002,643.239145440614,767,643.238942238399,86.316,76.89,91.18900000002,767,"feature_767",71,1.33000360164787,-16.5443421991054,16
"Posi_Ida_Chlamydomonas_1",593,90.34099999998,661.249036409072,824,661.248725569563,93.25900000002,87.29599999998,96.339,824,"feature_824",73,-17.4076214012131,-5.35313908173475,1
"Posi_Ida_Chlamydomonas_1",600,91.72099999998,629.226429910956,798,629.222920047319,92.56900000002,87.98899999998,96.339,798,"feature_798",76,-17.4002609428391,-5.3470794351283,1
"Posi_Ida_Chlamydomonas_1",604,92.41099999998,661.249716975339,824,661.248725569563,93.25900000002,87.29599999998,96.339,824,"feature_824",77,-17.2707328971848,-5.24283997132215,1
"Posi_Ida_Chlamydomonas_1",607,93.10099999998,629.223022446442,798,629.222920047319,92.56900000002,87.98899999998,96.339,798,"feature_798",78,-17.400344866179,-5.34713474823865,1
"Posi_Ida_Chlamydomonas_1",679,110.59000000002,629.259543140127,909,629.258958381937,112.818,108.393,116.96800000002,909,"feature_909",88,-2.09639884795998,-3.7765285165492,32
"Posi_Ida_Chlamydomonas_1",681,111.03,629.260178807356,909,629.258958381937,112.818,108.393,116.96800000002,909,"feature_909",89,-2.09136487808083,-3.79230467392835,32
"Posi_Ida_Chlamydomonas_1",689,112.30999999998,644.239152860545,877,644.242315290178,112.959,109.22800000002,115.58800000002,877,"feature_877",95,-3.61030151214455,-3.3363474996272,31
"Posi_Ida_Chlamydomonas_1",698,113.52,644.240825481864,877,644.242315290178,112.959,109.22800000002,115.58800000002,877,"feature_877",99,-3.65429593887184,-3.37145368172559,31
"Posi_Ida_Chlamydomonas_1",782,131.66899999998,630.261144443818,966,630.261400899382,133.20700000002,129.04699999998,137.22199999998,966,"feature_966",104,-2.10558523502205,-3.73706809594068,32
"Posi_Ida_Chlamydomonas_1",784,132.35899999998,630.25997781189,966,630.261400899382,133.20700000002,129.04699999998,137.22199999998,966,"feature_966",105,-2.10793127384041,-3.68235341622266,32
"Posi_Ida_Chlamydomonas_1",804,136.779,630.494068317541,982,630.492743688697,137.22199999998,132.51700000002,140.151,982,"feature_982",108,3.21583364639427,-1.70107285096082,40
"Posi_Ida_Chlamydomonas_1",812,138.44899999998,630.493770498329,982,630.492743688697,137.22199999998,132.51700000002,140.151,982,"feature_982",109,3.23198555145409,-1.67532054497632,40
"Posi_Ida_Chlamydomonas_1",828,141.94900000002,654.329826626103,1045,654.329264380907,143.736,140.007,149.946,1045,"feature_1045",110,9.10531137619163,-7.54579369141492,19
"Posi_Ida_Chlamydomonas_1",829,142.19899999998,682.361009535062,1036,682.360000300488,143.736,140.151,150.636,1036,"feature_1036",111,9.10505006942894,-7.54559675766858,19
"Posi_Ida_Chlamydomonas_1",831,142.43800000002,637.304405053661,1015,637.302014661482,143.736,140.29099999998,150.636,1015,"feature_1015",112,9.10632608566429,-7.54701391770276,19
"Posi_Ida_Chlamydomonas_1",832,142.488,654.330905249405,1045,654.329264380907,143.736,140.007,149.946,1045,"feature_1045",113,9.10591791305687,-7.54654423310193,19
"Posi_Ida_Chlamydomonas_1",833,142.58800000002,659.286830730336,1020,659.28400018516,144.426,140.29099999998,149.256,1020,"feature_1020",114,-5.1938734230027,1.56685384200183,24
"Posi_Ida_Chlamydomonas_1",835,142.78900000002,682.362640462088,1036,682.360000300488,143.736,140.151,150.636,1036,"feature_1036",115,9.09858797226097,-7.53910652710828,19
"Posi_Ida_Chlamydomonas_1",838,143.229,637.304255324863,1015,637.302014661482,143.736,140.29099999998,150.636,1015,"feature_1015",116,9.10494135055687,-7.54541079117689,19
"Posi_Ida_Chlamydomonas_1",839,143.379,659.285073137815,1020,659.28400018516,144.426,140.29099999998,149.256,1020,"feature_1020",117,-5.15548278655861,1.52909799502459,24
"Posi_Ida_Chlamydomonas_1",840,143.57899999998,668.350264042699,984,668.347101950375,143.736,140.976,146.496,984,"feature_984",118,8.1959380928054,-6.48677555634412,20
"Posi_Ida_Chlamydomonas_1",851,145.64800000002,668.340276775562,984,668.347101950375,143.736,140.976,146.496,984,"feature_984",124,8.0525111976638,-6.30905071808729,20
"Posi_Ida_Chlamydomonas_1",864,147.618,654.330975655451,1045,654.329264380907,143.736,140.007,149.946,1045,"feature_1045",126,9.0941371742263,-7.53283897950086,19
"Posi_Ida_Chlamydomonas_1",865,147.71800000002,682.361543006351,1036,682.360000300488,143.736,140.151,150.636,1036,"feature_1036",127,8.19054887924339,-6.48048702790174,20
"Posi_Ida_Chlamydomonas_1",874,149.78800000002,593.274518395903,1046,593.273843298094,149.946,143.736,155.60599999998,1046,"feature_1046",128,-12.8987102684007,1.79655810282794,14
"Posi_Ida_Chlamydomonas_1",879,150.81799999998,593.27372117318,1046,593.273843298094,149.946,143.736,155.60599999998,1046,"feature_1046",130,-12.8891554054246,1.78728338168231,14
"Posi_Ida_Chlamydomonas_1",881,151.16800000002,740.527712596848,1068,740.528441056199,151.326,148.566,155.60599999998,1068,"feature_1068",132,-1.74771334495399,1.24986513541308,35
"Posi_Ida_Chlamydomonas_1",889,152.54800000002,740.527323236164,1068,740.528441056199,151.326,148.566,155.60599999998,1068,"feature_1068",133,-1.75319291915749,1.19843073771563,35
"Posi_Ida_Chlamydomonas_1",891,153.23800000002,783.463416347265,1058,783.463798490709,154.91599999998,149.256,159.375,1058,"feature_1058",134,-5.31627275314186,1.69282253668872,24
"Posi_Ida_Chlamydomonas_1",900,154.758,783.463365735209,1058,783.463798490709,154.91599999998,149.256,159.375,1058,"feature_1058",135,-5.33061696853493,1.70879515097705,24
"Posi_Ida_Chlamydomonas_1",998,171.81700000002,607.291464475658,1344,607.289834162238,175.695,166.65400000002,185.41399999998,1344,"feature_1344",147,-1.82461895313118,-0.818838516015142,34
"Posi_Ida_Chlamydomonas_1",1006,173.20699999998,629.271282829034,1273,629.270813760246,175.695,169.305,182.634,1273,"feature_1273",148,-2.71367813911293,-2.04439965798292,33
"Posi_Ida_Chlamydomonas_1",1020,175.23700000002,607.291015962432,1344,607.289834162238,175.695,166.65400000002,185.41399999998,1344,"feature_1344",150,1.01708708439018,-4.62308518006238,42
"Posi_Ida_Chlamydomonas_1",1021,175.33699999998,629.2717492139,1273,629.270813760246,175.695,169.305,182.634,1273,"feature_1273",151,-2.7727263149247,-2.09939233376417,33
"Posi_Ida_Chlamydomonas_1",1027,176.22700000002,754.545463039757,1276,754.544234015478,177.075,173.61499999998,182.634,1276,"feature_1276",153,-1.99164833392952,2.65825327323046,36
"Posi_Ida_Chlamydomonas_1",1032,177.31699999998,416.336515424994,1352,416.336472284318,179.16400000002,175.695,185.41399999998,1352,"feature_1352",154,-1.904664891623,-1.66490630223188,33
"Posi_Ida_Chlamydomonas_1",1034,177.61699999998,754.544451058418,1276,754.544234015478,177.075,173.61499999998,182.634,1276,"feature_1276",155,-1.99223579730843,2.65925129340258,36
"Posi_Ida_Chlamydomonas_1",1039,178.00699999998,416.337077735208,1352,416.336472284318,179.16400000002,175.695,185.41399999998,1352,"feature_1352",156,0.827355486489792,0.202323338251978,0
"Posi_Ida_Chlamydomonas_1",1042,178.20700000002,489.279184572028,1284,489.279026159166,179.16400000002,175.695,181.944,1284,"feature_1284",158,12.0221605125442,7.72446473525134,0
"Posi_Ida_Chlamydomonas_1",1049,178.80700000002,489.278984992943,1284,489.279026159166,179.16400000002,175.695,181.944,1284,"feature_1284",160,12.022057515718,7.72439320967761,0
"Posi_Ida_Chlamydomonas_1",1052,179.007,819.593111695132,1297,819.593387432888,179.16400000002,176.385,181.944,1297,"feature_1297",163,12.0221853080764,7.72446711943713,0
"Posi_Ida_Chlamydomonas_1",1059,179.697,819.592064978234,1297,819.593387432888,179.16400000002,176.385,181.944,1297,"feature_1297",167,12.0221547904983,7.72445519850817,0
"Posi_Ida_Chlamydomonas_1",1064,180.39700000002,772.566061809565,1400,772.5701690182,183.33400000002,176.385,189.58399999998,1400,"feature_1400",169,2.43991015586998,1.20190366194811,39
"Posi_Ida_Chlamydomonas_1",1070,181.78699999998,772.567427800502,1400,772.5701690182,183.33400000002,176.385,189.58399999998,1400,"feature_1400",172,2.45174072418358,1.21002217219439,39
"Posi_Ida_Chlamydomonas_1",1139,194.59600000002,924.565524358938,1496,924.565746702181,196.134,192.66400000002,199.19299999998,1496,"feature_1496",179,-10.0857324775681,-8.4889890344325,10
"Posi_Ida_Chlamydomonas_1",1147,195.13600000002,724.514018993541,1478,724.514413923068,195.444,192.66400000002,200.583,1478,"feature_1478",181,-9.63413240280006,-11.0861694009486,9
"Posi_Ida_Chlamydomonas_1",1148,195.186,803.538631181862,1481,803.540551870059,196.134,193.36399999998,197.80399999998,1481,"feature_1481",182,2.47006009254601,-9.46512047364148,0
"Posi_Ida_Chlamydomonas_1",1149,195.23599999998,924.564459606952,1496,924.565746702181,196.134,192.66400000002,199.19299999998,1496,"feature_1496",183,-10.1102867301926,-8.51357571198377,10
"Posi_Ida_Chlamydomonas_1",1158,195.876,724.513721421092,1478,724.514413923068,195.444,192.66400000002,200.583,1478,"feature_1478",188,-9.63486577834938,-11.0866443307582,9
"Posi_Ida_Chlamydomonas_1",1159,195.92599999998,803.537605175305,1481,803.540551870059,196.134,193.36399999998,197.80399999998,1481,"feature_1481",189,2.46994207534935,-9.46504513337049,0
"Posi_Ida_Chlamydomonas_1",1163,196.66600000002,748.569986424173,1557,748.570484070788,199.893,190.284,209.86300000002,1557,"feature_1557",191,1.42274211082603,0.404488256436259,39
"Posi_Ida_Chlamydomonas_1",1175,198.88600000002,748.572355451522,1557,748.570484070788,199.893,190.284,209.86300000002,1557,"feature_1557",193,0.158487719632645,2.00271054194537,38
"Posi_Ida_Chlamydomonas_1",1186,200.32600000002,765.453929659139,1560,765.452846099309,200.583,197.109,204.063,1560,"feature_1560",196,8.77036665115501,7.66165526793566,23
"Posi_Ida_Chlamydomonas_1",1191,201.126,765.451722186997,1560,765.452846099309,200.583,197.109,204.063,1560,"feature_1560",198,8.76649377975609,7.70423158095446,23
"Posi_Ida_Chlamydomonas_1",1195,201.816,926.582779778836,1660,926.582102491822,203.36299999998,200.583,208.48300000002,1660,"feature_1660",201,-9.34282113876198,-7.57902685715589,10
"Posi_Ida_Chlamydomonas_1",1199,202.365,926.583014508328,1660,926.582102491822,203.36299999998,200.583,208.48300000002,1660,"feature_1660",204,-9.65719034042213,-8.04077259613904,10
"Posi_Ida_Chlamydomonas_1",1200,202.51600000002,931.537698306694,1617,931.537627000859,203.36299999998,200.583,208.48300000002,1617,"feature_1617",205,2.79451535377647,0.874488493662745,39
"Posi_Ida_Chlamydomonas_1",1205,202.905,621.310041331663,1630,621.309466251765,205.443,201.28300000002,211.25299999998,1630,"feature_1630",206,11.7864579978957,14.6381080953893,4
"Posi_Ida_Chlamydomonas_1",1206,202.95499999998,638.336260620449,1644,638.336402268867,205.443,201.28300000002,212.63299999998,1644,"feature_1644",207,11.7955274406448,14.6329696981725,4
"Posi_Ida_Chlamydomonas_1",1207,203.00500000002,643.291955595735,1622,643.291034718282,205.443,201.28300000002,209.86300000002,1622,"feature_1622",208,-2.61894037093971,-1.97921160771283,33
"Posi_Ida_Chlamydomonas_1",1208,203.10499999998,666.367236106521,1638,666.367153492877,205.443,201.28300000002,211.94299999998,1638,"feature_1638",209,11.7946748558059,14.6335590689,4
"Posi_Ida_Chlamydomonas_1",1209,203.20600000002,931.538837830056,1617,931.537627000859,203.36299999998,200.583,208.48300000002,1617,"feature_1617",210,8.79856107864525,7.34162362502185,23
"Posi_Ida_Chlamydomonas_1",1214,203.60500000002,621.310842414146,1630,621.309466251765,205.443,201.28300000002,211.25299999998,1630,"feature_1630",211,11.7963132682815,14.6321180670079,4
"Posi_Ida_Chlamydomonas_1",1215,203.655,638.337331445518,1644,638.336402268867,205.443,201.28300000002,212.63299999998,1644,"feature_1644",212,11.7916602912917,14.6358230917272,4
"Posi_Ida_Chlamydomonas_1",1216,203.70499999998,643.291546384546,1622,643.291034718282,205.443,201.28300000002,209.86300000002,1622,"feature_1622",213,-2.63623692359779,-1.98571232869062,33
"Posi_Ida_Chlamydomonas_1",1217,203.75500000002,666.367916203169,1638,666.367153492877,205.443,201.28300000002,211.94299999998,1638,"feature_1638",214,11.8135785881057,14.6152284948644,4
"Posi_Ida_Chlamydomonas_1",1219,203.85499999998,726.530893186267,1651,726.52903954612,207.79300000002,201.28300000002,216.08299999998,1651,"feature_1651",215,-9.62062932815407,-11.0730764062587,9
"Posi_Ida_Chlamydomonas_1",1239,206.25499999998,726.530442978937,1651,726.52903954612,207.79300000002,201.28300000002,216.08299999998,1651,"feature_1651",220,8.8686790290847,-11.5406591088954,21
"Posi_Ida_Chlamydomonas_1",1250,208.17499999998,666.364703577168,1638,666.367153492877,205.443,201.28300000002,211.94299999998,1638,"feature_1638",222,0.825532657243271,6.53896649764147,0
"Posi_Ida_Chlamydomonas_1",1268,210.195,675.674000721101,1645,675.674445410781,210.55300000002,208.48300000002,212.63299999998,1645,"feature_1645",225,-1.96359683837746,-0.878375807541936,34
"Posi_Ida_Chlamydomonas_1",1279,210.945,675.675209340884,1645,675.674445410781,210.55300000002,208.48300000002,212.63299999998,1645,"feature_1645",228,-1.98349119987343,-0.888863185185522,34
"Posi_Ida_Chlamydomonas_1",1281,211.04500000002,762.513442228702,1868,762.513431692096,213.32299999998,208.48300000002,219.53200000002,1868,"feature_1868",229,-10.0894594367966,-8.49268452240857,10
"Posi_Ida_Chlamydomonas_1",1282,211.095,767.468607154378,1731,767.468384961364,213.32299999998,207.10300000002,220.22200000002,1731,"feature_1731",230,8.00371835861351,11.728270372611,12
"Posi_Ida_Chlamydomonas_1",1288,211.53499999998,726.530136816019,1651,726.52903954612,207.79300000002,201.28300000002,216.08299999998,1651,"feature_1651",232,8.90054033432152,-11.5323697717372,21
"Posi_Ida_Chlamydomonas_1",1289,211.58500000002,762.514176535358,1868,762.513431692096,213.32299999998,208.48300000002,219.53200000002,1868,"feature_1868",233,-9.85028268661354,-8.24873367859754,10
"Posi_Ida_Chlamydomonas_1",1290,211.635,767.469555893936,1731,767.468384961364,213.32299999998,207.10300000002,220.22200000002,1731,"feature_1731",234,8.03027437362816,11.7015579550084,12
"Posi_Ida_Chlamydomonas_1",1291,211.68499999998,790.543295429142,1710,790.543874895936,213.32299999998,209.86300000002,220.22200000002,1710,"feature_1710",235,4.07404087219383,-5.14829699112806,0
"Posi_Ida_Chlamydomonas_1",1297,212.12500000002,583.433797057441,1680,583.433946295831,213.32299999998,209.86300000002,218.84200000002,1680,"feature_1680",238,-9.89927007522438,-8.29725758149061,10
"Posi_Ida_Chlamydomonas_1",1300,212.27500000002,752.541800430777,1688,752.543390863931,214.01299999998,208.48300000002,225.23200000002,1688,"feature_1688",240,-9.71309282150124,-11.1651250512782,9
"Posi_Ida_Chlamydomonas_1",1301,212.325,783.443224209234,1692,783.442100140418,214.01299999998,209.86300000002,221.61199999998,1692,"feature_1692",241,-2.60201527442787,-1.95943597866926,33
"Posi_Ida_Chlamydomonas_1",1302,212.37499999998,790.54356200552,1710,790.543874895936,213.32299999998,209.86300000002,220.22200000002,1710,"feature_1710",242,4.01766441497948,-5.15306679322156,0
"Posi_Ida_Chlamydomonas_1",1307,212.865,583.43356590866,1680,583.433946295831,213.32299999998,209.86300000002,218.84200000002,1680,"feature_1680",244,-9.88983251418922,-8.28751961304578,10
"Posi_Ida_Chlamydomonas_1",1313,213.65500000002,752.544916763193,1688,752.543390863931,214.01299999998,208.48300000002,225.23200000002,1688,"feature_1688",245,-9.70556451644753,-11.1576148660365,9
"Posi_Ida_Chlamydomonas_1",1323,215.235,776.601450255323,1808,776.60106659958,220.92199999998,190.42699999998,242.28100000002,1808,"feature_1808",246,1.08614121112968,1.66770299361315,38
"Posi_Ida_Chlamydomonas_1",1328,215.925,783.441921951625,1692,783.442100140418,214.01299999998,209.86300000002,221.61199999998,1692,"feature_1692",249,-2.59708453979347,-1.96152273728284,33
"Posi_Ida_Chlamydomonas_1",1337,216.51499999998,762.514589600338,1868,762.513431692096,213.32299999998,208.48300000002,219.53200000002,1868,"feature_1868",251,-10.0820017036423,-8.48504940583143,10
"Posi_Ida_Chlamydomonas_1",1338,216.615,767.470913433012,1731,767.468384961364,213.32299999998,207.10300000002,220.22200000002,1731,"feature_1731",252,8.04230783615257,11.6892383901891,12
"Posi_Ida_Chlamydomonas_1",1344,217.305,767.468016938114,1731,767.468384961364,213.32299999998,207.10300000002,220.22200000002,1731,"feature_1731",253,8.05259321365501,11.6792200414952,12
"Posi_Ida_Chlamydomonas_1",1350,217.89499999998,776.599921666557,1808,776.60106659958,220.92199999998,190.42699999998,242.28100000002,1808,"feature_1808",255,1.05666695270683,1.63186689303485,38
"Posi_Ida_Chlamydomonas_1",1372,219.86500000002,776.602643897442,1808,776.60106659958,220.92199999998,190.42699999998,242.28100000002,1808,"feature_1808",258,-1.98652746047829,2.66308506415454,36
"Posi_Ida_Chlamydomonas_1",1374,219.96499999998,928.597611980226,1741,928.597662027329,220.92199999998,217.46299999998,226.61200000002,1741,"feature_1741",259,-9.32807924117897,-7.56441513611707,10
"Posi_Ida_Chlamydomonas_1",1375,220.065,933.553304504653,1734,933.55244748968,220.92199999998,216.77299999998,226.61200000002,1734,"feature_1734",260,2.57318113479759,1.01968952105609,39
"Posi_Ida_Chlamydomonas_1",1380,220.56499999998,928.597242771228,1741,928.597662027329,220.92199999998,217.46299999998,226.61200000002,1741,"feature_1741",261,-9.34338571395729,-7.58104340149793,10
"Posi_Ida_Chlamydomonas_1",1381,220.665,933.55207151807,1734,933.55244748968,220.92199999998,216.77299999998,226.61200000002,1734,"feature_1734",262,2.66698644790794,0.965269347887904,39
"Posi_Ida_Chlamydomonas_1",1396,221.85400000002,729.547724222045,1787,729.547392245432,223.002,213.32299999998,230.76199999998,1787,"feature_1787",268,-2.18181492652748,-11.0851279885951,46
"Posi_Ida_Chlamydomonas_1",1404,222.54400000002,729.548285893138,1787,729.547392245432,223.002,213.32299999998,230.76199999998,1787,"feature_1787",272,9.03672025833275,-11.8295451791469,21
"Posi_Ida_Chlamydomonas_1",1427,224.874,755.561957107379,1867,755.563182790293,227.30200000002,221.61199999998,235.74199999998,1867,"feature_1867",280,0.0861998024954987,2.72835739539233,38
"Posi_Ida_Chlamydomonas_1",1428,224.925,776.540644073709,1856,776.541839991159,226.61200000002,220.92199999998,232.28500000002,1856,"feature_1856",281,1.32545946273949,1.94036885188189,38
"Posi_Ida_Chlamydomonas_1",1430,225.02500000002,954.610946634528,1828,954.611475759368,225.92200000002,221.61199999998,232.14199999998,1828,"feature_1828",283,4.23820923004295,-11.7199346215907,0
"Posi_Ida_Chlamydomonas_1",1431,225.075,959.562610940173,1778,959.566591677766,225.92200000002,223.002,232.14199999998,1778,"feature_1778",284,2.80466459427025,0.869597992163569,39
"Posi_Ida_Chlamydomonas_1",1433,225.76399999998,755.563425858978,1867,755.563182790293,227.30200000002,221.61199999998,235.74199999998,1867,"feature_1867",285,0.106741947270889,2.71287425444689,38
"Posi_Ida_Chlamydomonas_1",1435,226.05400000002,776.54272967819,1856,776.541839991159,226.61200000002,220.92199999998,232.28500000002,1856,"feature_1856",286,1.61026476059105,0.561067423087031,39
"Posi_Ida_Chlamydomonas_1",1447,227.04400000002,954.613021016288,1828,954.611475759368,225.92200000002,221.61199999998,232.14199999998,1828,"feature_1828",293,4.23837993774559,-11.7201482446376,0
"Posi_Ida_Chlamydomonas_1",1448,227.094,959.566006899185,1778,959.566591677766,225.92200000002,223.002,232.14199999998,1778,"feature_1778",294,2.83012126121666,0.848709723215968,39
"Posi_Ida_Chlamydomonas_1",1459,229.21399999998,834.538498004795,1858,834.537658485876,230.76199999998,226.61200000002,236.442,1858,"feature_1858",299,3.67843197021629,11.4282043783483,7
"Posi_Ida_Chlamydomonas_1",1462,229.614,834.53776699993,1858,834.537658485876,230.76199999998,226.61200000002,236.442,1858,"feature_1858",300,3.67986438903954,11.4236782400426,7
"Posi_Ida_Chlamydomonas_1",1465,229.914,940.543942113179,1810,940.546161179395,230.07199999998,227.30200000002,235.05199999998,1810,"feature_1810",303,-16.9663677391038,-5.01094070984754,1
"Posi_Ida_Chlamydomonas_1",1469,230.25400000002,755.562916681349,1867,755.563182790293,227.30200000002,221.61199999998,235.74199999998,1867,"feature_1867",304,0.112048161365051,2.71070154593554,38
"Posi_Ida_Chlamydomonas_1",1470,230.304,769.484067284907,1870,769.484474261977,231.45199999998,218.15299999998,240.19099999998,1870,"feature_1870",305,8.0660199943557,11.6652563421544,12
"Posi_Ida_Chlamydomonas_1",1471,230.35399999998,785.457963316945,1857,785.458290179194,232.14199999998,227.99200000002,237.132,1857,"feature_1857",306,-4.74951268997047,1.02216907427874,24
"Posi_Ida_Chlamydomonas_1",1481,231.04399999998,760.510839086611,1879,760.510698827189,232.28500000002,225.92200000002,239.211,1879,"feature_1879",311,12.6574106040969,3.24509485648242,6
"Posi_Ida_Chlamydomonas_1",1483,231.144,785.460236884753,1857,785.458290179194,232.14199999998,227.99200000002,237.132,1857,"feature_1857",313,-4.74071981277321,1.01398261473742,24
"Posi_Ida_Chlamydomonas_1",1486,231.294,940.545341971805,1810,940.546161179395,230.07199999998,227.30200000002,235.05199999998,1810,"feature_1810",315,-16.9730091270432,-5.01642433716688,1
"Posi_Ida_Chlamydomonas_1",1489,231.984,760.509609311426,1879,760.510698827189,232.28500000002,225.92200000002,239.211,1879,"feature_1879",317,12.6552314582839,3.2471953241643,6
"Posi_Ida_Chlamydomonas_1",1493,232.614,765.468805016948,1854,765.469942778394,232.97200000002,230.07199999998,237.132,1854,"feature_1854",319,-9.81869031753395,-8.21673695160779,10
"Posi_Ida_Chlamydomonas_1",1498,233.20399999998,769.484273661934,1870,769.484474261977,231.45199999998,218.15299999998,240.19099999998,1870,"feature_1870",322,8.03201959762718,11.6997469274816,12
"Posi_Ida_Chlamydomonas_1",1507,234.594,765.470447863809,1854,765.469942778394,232.97200000002,230.07199999998,237.132,1854,"feature_1854",326,-9.85550977554176,-8.25477234436902,10
"Posi_Ida_Chlamydomonas_1",1515,235.48399999998,730.560066083612,2093,730.560093618782,235.05199999998,229.37200000002,242.97100000002,2093,"feature_2093",330,3.6855838123336,1.99892981932727,37
"Posi_Ida_Chlamydomonas_1",1539,238.36399999998,784.523548013962,1903,784.523163664487,239.499,236.442,242.97100000002,1903,"feature_1903",339,-3.90898944702003,-3.57956449105176,30
"Posi_Ida_Chlamydomonas_1",1549,239.004,930.613353911667,1968,930.612814143394,240.891,235.74199999998,247.28299999998,1968,"feature_1968",343,12.6228856864944,3.27982052252856,6
"Posi_Ida_Chlamydomonas_1",1550,239.05399999998,935.56975785037,1957,935.56865466328,240.891,235.74199999998,246.45100000002,1957,"feature_1957",344,-3.92673184242104,-3.60242644860181,30
"Posi_Ida_Chlamydomonas_1",1554,239.583,730.560686639156,2093,730.560093618782,235.05199999998,229.37200000002,242.97100000002,2093,"feature_2093",345,0.0743559423461151,2.7276378481206,38
"Posi_Ida_Chlamydomonas_1",1556,239.68300000002,784.521552679076,1903,784.523163664487,239.499,236.442,242.97100000002,1903,"feature_1903",347,-3.89044763412331,-3.54940120293531,30
"Posi_Ida_Chlamydomonas_1",1568,240.58399999998,767.548756240075,1964,767.548507533037,242.28100000002,239.211,248.11099999998,1964,"feature_1964",353,-9.10996915664528,0.982602080565363,17
"Posi_Ida_Chlamydomonas_1",1570,240.684,930.612908137894,1968,930.612814143394,240.891,235.74199999998,247.28299999998,1968,"feature_1968",355,12.6381616416946,3.26453813002673,6
"Posi_Ida_Chlamydomonas_1",1571,240.73399999998,935.570092727638,1957,935.56865466328,240.891,235.74199999998,246.45100000002,1957,"feature_1957",356,-3.93847872581337,-3.62071076943311,30
"Posi_Ida_Chlamydomonas_1",1586,242.71300000002,767.547858415942,1964,767.548507533037,242.28100000002,239.211,248.11099999998,1964,"feature_1964",362,-9.33543493118141,-7.57423607422742,10
"Posi_Ida_Chlamydomonas_1",1591,243.213,479.369456540523,1978,479.369330275648,244.371,240.891,249.63100000002,1978,"feature_1978",363,4.16502998504784,-0.993535080689519,40
"Posi_Ida_Chlamydomonas_1",1602,244.01299999998,479.369616078243,1978,479.369330275648,244.371,240.891,249.63100000002,1978,"feature_1978",366,4.16336439285423,-1.00033883168134,40
"Posi_Ida_Chlamydomonas_1",1604,244.113,763.510393893808,1970,763.510983932379,245.07100000002,239.499,247.42399999998,1970,"feature_1970",367,2.35045622024681,1.02271231101123,39
"Posi_Ida_Chlamydomonas_1",1606,244.21300000002,930.611949271715,1968,930.612814143394,240.891,235.74199999998,247.28299999998,1968,"feature_1968",369,12.6464977088943,3.25614460394946,6
"Posi_Ida_Chlamydomonas_1",1614,244.81300000002,757.578720672107,2070,757.579676486864,246.45100000002,230.76199999998,264.16000000002,2070,"feature_2070",372,3.80916164550926,1.9255845157918,37
"Posi_Ida_Chlamydomonas_1",1622,245.35300000002,763.5118238087,1970,763.510983932379,245.07100000002,239.499,247.42399999998,1970,"feature_1970",377,-5.62351562347267,2.337469181281,24
"Posi_Ida_Chlamydomonas_1",1629,246.29299999998,757.58026818505,2070,757.579676486864,246.45100000002,230.76199999998,264.16000000002,2070,"feature_2070",383,3.81913087997581,1.91064091609088,37
"Posi_Ida_Chlamydomonas_1",1655,250.01299999998,771.504208215973,2101,771.500521242559,255.18100000002,248.80099999998,262.09000000002,2101,"feature_2101",391,8.72385214004662,7.79065402434435,23
"Posi_Ida_Chlamydomonas_1",1672,251.343,706.561356799443,2153,706.56053008024,256.56100000002,250.32100000002,262.78000000002,2153,"feature_2153",395,8.90659711990501,-11.5807305963221,21
"Posi_Ida_Chlamydomonas_1",1673,251.44300000002,762.525941390746,2076,762.526759147893,253.09099999998,248.80099999998,260.01,2076,"feature_2076",396,3.91818807754662,10.4534166662511,8
"Posi_Ida_Chlamydomonas_1",1683,252.14299999998,745.499824959592,2065,745.500316186691,253.09099999998,249.63100000002,260.01,2065,"feature_2065",399,3.8860335174575,10.495411714774,8
"Posi_Ida_Chlamydomonas_1",1684,252.19300000002,762.526836884285,2076,762.526759147893,253.09099999998,248.80099999998,260.01,2076,"feature_2076",400,3.91876314315941,10.4555691091832,8
"Posi_Ida_Chlamydomonas_1",1685,252.243,771.500022523531,2101,771.500521242559,255.18100000002,248.80099999998,262.09000000002,2101,"feature_2101",401,8.72820757064964,7.79077037261096,23
"Posi_Ida_Chlamydomonas_1",1697,253.43299999998,745.501026741886,2065,745.500316186691,253.09099999998,249.63100000002,260.01,2065,"feature_2065",404,3.86071203384544,10.5211351721105,8
"Posi_Ida_Chlamydomonas_1",1698,253.533,766.546262921725,2098,766.545188060658,255.87100000002,248.11099999998,262.09000000002,2098,"feature_2098",405,-9.72725202407692,-8.12366024567518,10
"Posi_Ida_Chlamydomonas_1",1715,255.46300000002,706.561365438305,2153,706.56053008024,256.56100000002,250.32100000002,262.78000000002,2153,"feature_2153",410,3.71433137092735,4.20047505782214,0
"Posi_Ida_Chlamydomonas_1",1716,255.513,728.544754578955,2081,728.541948829705,256.56100000002,250.32100000002,261.40000000002,2081,"feature_2081",411,8.88671110305931,2.73205026076403,6
"Posi_Ida_Chlamydomonas_1",1718,255.61300000002,766.548021356364,2098,766.545188060658,255.87100000002,248.11099999998,262.09000000002,2098,"feature_2098",413,-9.78873540725563,-8.1872312219325,10
"Posi_Ida_Chlamydomonas_1",1722,256.40299999998,708.56676670847,2103,708.567179445511,256.56100000002,249.63100000002,262.78000000002,2103,"feature_2103",415,-2.17277385558937,-11.0759469659511,46
"Posi_Ida_Chlamydomonas_1",1725,256.893,708.567899685581,2103,708.567179445511,256.56100000002,249.63100000002,262.78000000002,2103,"feature_2103",416,-2.182785528563,-11.0860034616176,46
"Posi_Ida_Chlamydomonas_1",1734,258.273,728.540884523987,2081,728.541948829705,256.56100000002,250.32100000002,261.40000000002,2081,"feature_2081",419,8.88662717971947,2.73208983824816,6
"Posi_Ida_Chlamydomonas_1",1748,260.403,739.509224800224,2114,739.505781569057,261.40000000002,258.63,266.92000000002,2114,"feature_2114",424,5.60267208252098,6.59357436583605,0
"Posi_Ida_Chlamydomonas_1",1762,261.68200000002,739.500119860991,2114,739.505781569057,261.40000000002,258.63,266.92000000002,2114,"feature_2114",429,5.59941766891624,6.63444360182849,0
"Posi_Ida_Chlamydomonas_1",1765,261.83200000002,802.623707902618,2106,802.629652832495,262.09000000002,259.32,265.54000000002,2106,"feature_2106",432,-1.35039188232277,2.4962232916173,36
"Posi_Ida_Chlamydomonas_1",1766,261.933,932.632575768082,2176,932.630557442348,266.23000000002,260.01,272.58,2176,"feature_2176",433,3.78322837982323,10.9762399999913,7
"Posi_Ida_Chlamydomonas_1",1785,264.69199999998,932.631142356528,2176,932.630557442348,266.23000000002,260.01,272.58,2176,"feature_2176",443,3.69255970153954,11.4026935903844,7
"Posi_Ida_Chlamydomonas_1",1788,265.08199999998,773.518337345721,2148,773.517386426566,266.23000000002,261.40000000002,272.58,2148,"feature_2148",444,8.79638002548363,7.36639245436755,23
"Posi_Ida_Chlamydomonas_1",1790,265.38199999998,937.583457726982,2155,937.585148195762,266.23000000002,261.40000000002,272.58,2155,"feature_2155",445,-8.96106054153297,14.1868503897008,3
"Posi_Ida_Chlamydomonas_1",1794,265.722,768.561906345277,2234,768.561347970231,266.23000000002,261.40000000002,273.27,2234,"feature_2234",448,12.6383447471633,3.2643216459569,6
"Posi_Ida_Chlamydomonas_1",1798,265.92199999998,937.58586518963,2155,937.585148195762,266.23000000002,261.40000000002,272.58,2155,"feature_2155",451,-8.95729734268044,14.1876695959386,3
"Posi_Ida_Chlamydomonas_1",1811,267.05200000002,732.576267832703,2271,732.577483558678,269.68000000002,262.78000000002,276.03,2271,"feature_2271",460,0.194805366136093,3.38016017363635,38
"Posi_Ida_Chlamydomonas_1",1812,267.102,736.590449810133,2146,736.590559446506,269.68000000002,265.54000000002,275.34,2146,"feature_2146",461,-4.07417990531776,-3.76009146286878,30
"Posi_Ida_Chlamydomonas_1",1813,267.15199999998,755.56430581922,2183,755.562745967542,269.68000000002,263.47000000002,276.03,2183,"feature_2183",462,0.157592368461151,2.01186736510363,38
"Posi_Ida_Chlamydomonas_1",1814,267.20200000002,768.558721473079,2234,768.561347970231,266.23000000002,261.40000000002,273.27,2234,"feature_2234",463,12.6370410743728,3.26561864302722,6
"Posi_Ida_Chlamydomonas_1",1815,267.252,773.515830585625,2148,773.517386426566,266.23000000002,261.40000000002,272.58,2148,"feature_2148",464,8.72807024154808,7.79038604186144,23
"Posi_Ida_Chlamydomonas_1",1817,267.35200000002,802.622195370002,2106,802.629652832495,262.09000000002,259.32,265.54000000002,2106,"feature_2106",466,3.79358623657372,1.93719907687274,37
"Posi_Ida_Chlamydomonas_1",1819,267.45199999998,932.627826401142,2176,932.630557442348,266.23000000002,260.01,272.58,2176,"feature_2176",467,3.6821760955825,11.4150064794835,7
"Posi_Ida_Chlamydomonas_1",1822,267.942,759.594945220779,2281,759.596231187435,269.82199999998,258.63,279.49999999998,2281,"feature_2281",469,3.73176000747826,1.97659202502337,37
"Posi_Ida_Chlamydomonas_1",1823,268.14199999998,932.629146124409,2176,932.630557442348,266.23000000002,260.01,272.58,2176,"feature_2176",470,3.68115518722679,11.4194553701696,7
"Posi_Ida_Chlamydomonas_1",1826,268.53199999998,755.562021297902,2183,755.562745967542,269.68000000002,263.47000000002,276.03,2183,"feature_2183",472,0.160679352618713,2.00724788592425,38
"Posi_Ida_Chlamydomonas_1",1827,268.632,759.595208314932,2281,759.596231187435,269.82199999998,258.63,279.49999999998,2281,"feature_2281",473,3.79770134124901,1.93210395262805,37
"Posi_Ida_Chlamydomonas_1",1828,268.73200000002,812.553712406696,2212,812.554909266914,270.51,266.23000000002,277.419,2212,"feature_2212",474,-0.142344715856056,15.386506876212,2
"Posi_Ida_Chlamydomonas_1",1829,268.83199999998,839.489347402136,2136,839.49107864157,270.51,267.61000000002,273.96,2136,"feature_2136",475,-1.95055581893776,-1.92222634865674,33
"Posi_Ida_Chlamydomonas_1",1832,269.12200000002,732.575929824758,2271,732.577483558678,269.68000000002,262.78000000002,276.03,2271,"feature_2271",476,0.202068668939133,3.34978922293749,38
"Posi_Ida_Chlamydomonas_1",1833,269.172,736.58551195155,2146,736.590559446506,269.68000000002,265.54000000002,275.34,2146,"feature_2146",477,-4.10614015426491,-3.79779092385206,30
"Posi_Ida_Chlamydomonas_1",1836,269.322,812.553372573052,2212,812.554909266914,270.51,266.23000000002,277.419,2212,"feature_2212",480,-0.116586196087341,15.3614271490392,2
"Posi_Ida_Chlamydomonas_1",1842,270.35200000002,839.487474074799,2136,839.49107864157,270.51,267.61000000002,273.96,2136,"feature_2136",484,-1.89377345409248,-1.99966136528882,33
"Posi_Ida_Chlamydomonas_1",1865,274.242,710.5862070223,2253,710.583945008015,279.49999999998,271.89,284.65900000002,2253,"feature_2253",494,1.51772437725212,0.512395045023829,39
"Posi_Ida_Chlamydomonas_1",1866,274.29199999998,738.521920927268,2182,738.526524709078,275.34,271.89,278.80900000002,2182,"feature_2182",495,1.72659907970573,-5.03126589371595,42
"Posi_Ida_Chlamydomonas_1",1867,274.392,838.567751560015,2188,838.56929588159,274.65,268.99000000002,281.86900000002,2188,"feature_2188",496,-0.129733058474998,15.3736952154454,2
"Posi_Ida_Chlamydomonas_1",1873,274.98199999998,708.57640831405,2280,708.577060493594,279.49999999998,272.58,286.04899999998,2280,"feature_2280",498,-0.180728283561807,-9.31995121552381,45
"Posi_Ida_Chlamydomonas_1",1875,275.18200000002,838.567142015502,2188,838.56929588159,274.65,268.99000000002,281.86900000002,2188,"feature_2188",500,0.207975638247986,15.1053818075475,2
"Posi_Ida_Chlamydomonas_1",1883,275.772,784.604008655901,2241,784.607228164241,278.11900000002,273.27,283.959,2241,"feature_2241",502,0.533663553334732,-1.99407521798047,41
"Posi_Ida_Chlamydomonas_1",1885,275.87200000002,854.575827534621,2262,854.575172776637,277.419,273.27,283.25899999998,2262,"feature_2262",504,-6.12852098312233,14.8407877294835,3
"Posi_Ida_Chlamydomonas_1",1891,276.57199999998,854.575530474727,2262,854.575172776637,277.419,273.27,283.25899999998,2262,"feature_2262",505,-6.1302371200547,14.8397892324742,3
"Posi_Ida_Chlamydomonas_1",1897,277.01200000002,738.524610333471,2182,738.526524709078,275.34,271.89,278.80900000002,2182,"feature_2182",506,1.70760343704369,-5.01264206482801,42
"Posi_Ida_Chlamydomonas_1",1898,277.062,764.547633955991,2246,764.543227694682,278.80900000002,261.40000000002,283.959,2246,"feature_2246",507,3.43358896408226,-7.56045452668104,44
"Posi_Ida_Chlamydomonas_1",1899,277.11199999998,784.607679725661,2241,784.607228164241,278.11900000002,273.27,283.959,2241,"feature_2241",508,-2.03321911659096,-10.9420892389003,46
"Posi_Ida_Chlamydomonas_1",1909,278.30200000002,710.584101544961,2253,710.583945008015,279.49999999998,271.89,284.65900000002,2253,"feature_2253",512,0.245656502582092,1.98422559187976,38
"Posi_Ida_Chlamydomonas_1",1910,278.352,764.54280039468,2246,764.543227694682,278.80900000002,261.40000000002,283.959,2246,"feature_2246",513,3.43356440696861,-7.56017843796644,44
"Posi_Ida_Chlamydomonas_1",1929,280.122,710.581981460048,2253,710.583945008015,279.49999999998,271.89,284.65900000002,2253,"feature_2253",520,0.96652398739006,1.68083520815936,38
"Posi_Ida_Chlamydomonas_1",1937,280.872,708.575995733522,2280,708.577060493594,279.49999999998,272.58,286.04899999998,2280,"feature_2280",522,-1.98734225597237,2.65302952216235,36
"Posi_Ida_Chlamydomonas_1",1957,284.40100000002,761.610789096648,2449,761.612363673402,286.749,281.17900000002,291.58900000002,2449,"feature_2449",528,-0.518232482336502,-9.13098255707654,45
"Posi_Ida_Chlamydomonas_1",1958,284.50099999998,782.590851756856,2314,782.590502520395,287.439,282.56899999998,292.27900000002,2314,"feature_2314",529,3.31006715927269,-5.84317223145398,43
"Posi_Ida_Chlamydomonas_1",1963,284.901,761.610631116466,2449,761.612363673402,286.749,281.17900000002,291.58900000002,2449,"feature_2449",533,-0.5134974297509,-9.13718048645887,45
"Posi_Ida_Chlamydomonas_1",1966,285.10099999998,818.661213348353,2309,818.662550170677,288.129,282.56899999998,293.65900000002,2309,"feature_2309",536,-0.503174709938507,-9.14872757508191,45
"Posi_Ida_Chlamydomonas_1",1967,285.201,1211.81026113993,2292,1211.81673762644,285.35899999998,274.65,289.509,2292,"feature_2292",537,-2.35766603317116,-3.18941561295423,32
"Posi_Ida_Chlamydomonas_1",1976,286.341,782.588663148716,2314,782.590502520395,287.439,282.56899999998,292.27900000002,2314,"feature_2314",542,3.30997751388695,-5.84244124009046,43
"Posi_Ida_Chlamydomonas_1",1977,286.39099999998,804.642080521071,2317,804.647034042676,288.129,284.65900000002,293.65900000002,2317,"feature_2317",543,0.967380029298325,5.19454034255114,0
"Posi_Ida_Chlamydomonas_1",1978,286.491,818.660341185052,2309,818.662550170677,288.129,282.56899999998,293.65900000002,2309,"feature_2309",544,-0.492307322882156,-9.15906826569471,45
"Posi_Ida_Chlamydomonas_1",1979,286.59100000002,1211.81169549264,2292,1211.81673762644,285.35899999998,274.65,289.509,2292,"feature_2292",545,0.666721505261917,-4.34730545594129,42
"Posi_Ida_Chlamydomonas_1",1988,288.36100000002,738.598861923592,2347,738.605109611514,292.96900000002,283.25899999998,297.108,2347,"feature_2347",549,-1.70388938751076,0.932805678110987,35
"Posi_Ida_Chlamydomonas_1",1989,288.46099999998,766.558455284789,2342,766.559235338543,290.199,282.56899999998,297.79900000002,2342,"feature_2342",550,-6.11988021697853,14.8478048651036,3
"Posi_Ida_Chlamydomonas_1",1993,289.00099999998,766.560336991567,2342,766.559235338543,290.199,282.56899999998,297.79900000002,2342,"feature_2342",553,-6.12812759246681,14.8412378637609,3
"Posi_Ida_Chlamydomonas_1",1994,289.15099999998,770.576555704674,2343,770.577631117015,291.58900000002,284.65900000002,298.488,2343,"feature_2343",554,3.78453586731102,10.9710501043614,0
"Posi_Ida_Chlamydomonas_1",1995,289.35100000002,934.647408445184,2351,934.646918429455,291.58900000002,284.65900000002,297.79900000002,2351,"feature_2351",555,3.67272208366539,-7.82357088639173,44
"Posi_Ida_Chlamydomonas_1",1998,289.74100000002,804.645477750364,2317,804.647034042676,288.129,284.65900000002,293.65900000002,2317,"feature_2317",557,1.42811189327385,5.29155620024768,26
"Posi_Ida_Chlamydomonas_1",1999,289.89100000002,934.644426671224,2351,934.646918429455,291.58900000002,284.65900000002,297.79900000002,2351,"feature_2351",558,3.66051052246239,-7.81139055802259,44
"Posi_Ida_Chlamydomonas_1",2000,290.04100000002,939.600148196863,2346,939.601244356847,290.89900000002,286.04899999998,296.418,2346,"feature_2346",559,-8.86906625594948,14.2629040090856,3
"Posi_Ida_Chlamydomonas_1",2003,290.44099999998,760.608741539869,2438,760.609212261467,295.72900000002,290.89900000002,304.71799999998,2438,"feature_2438",561,1.39655421409752,5.31109031127062,26
"Posi_Ida_Chlamydomonas_1",2004,290.541,770.575709395985,2343,770.577631117015,291.58900000002,284.65900000002,298.488,2343,"feature_2343",562,3.78499053154137,10.9690073339757,8
"Posi_Ida_Chlamydomonas_1",2006,290.74099999998,939.598611786477,2346,939.601244356847,290.89900000002,286.04899999998,296.418,2346,"feature_2346",564,-8.8883896049485,14.2487467138585,3
"Posi_Ida_Chlamydomonas_1",2015,291.87100000002,738.603976735211,2347,738.605109611514,292.96900000002,283.25899999998,297.108,2347,"feature_2347",568,-1.80904855098579,2.1752377359685,36
"Posi_Ida_Chlamydomonas_1",2040,296.55100000002,760.608991379211,2438,760.609212261467,295.72900000002,290.89900000002,304.71799999998,2438,"feature_2438",582,1.44377873573448,5.30996497557727,26
"Posi_Ida_Chlamydomonas_1",2074,301.09099999998,710.591464549423,2478,710.593538752876,306.11800000002,298.488,313.02799999998,2478,"feature_2478",591,1.87005398903038,5.46068271086779,25
"Posi_Ida_Chlamydomonas_1",2087,303.021,786.622237291899,2456,786.625210270931,304.01800000002,297.108,313.02799999998,2456,"feature_2456",594,9.08275793228294,-11.8771945626918,21
"Posi_Ida_Chlamydomonas_1",2088,303.171,907.520988115129,2463,907.523548838345,305.418,300.558,312.33799999998,2463,"feature_2463",595,-17.1484432395921,-5.15103260590467,1
"Posi_Ida_Chlamydomonas_1",2090,303.61000000002,786.624031649624,2456,786.625210270931,304.01800000002,297.108,313.02799999998,2456,"feature_2456",596,9.08258436355736,-11.8766309411708,21
"Posi_Ida_Chlamydomonas_1",2091,303.85999999998,907.521559030094,2463,907.523548838345,305.418,300.558,312.33799999998,2463,"feature_2463",597,-16.9839306053147,-5.02346245362195,1
"Posi_Ida_Chlamydomonas_1",2094,304.15999999998,605.31625579591,2454,605.315780223108,306.80800000002,301.938,312.33799999998,2454,"feature_2454",598,11.7704286399856,14.6538465826329,4
"Posi_Ida_Chlamydomonas_1",2096,304.36000000002,911.52937712263,2452,911.527130165987,306.11800000002,301.938,313.02799999998,2452,"feature_2452",600,3.02540014419701,3.0723222105321,37
"Posi_Ida_Chlamydomonas_1",2101,304.96000000002,605.316062026398,2454,605.315780223108,306.80800000002,301.938,312.33799999998,2454,"feature_2454",603,11.7863807502761,14.637805780631,4
"Posi_Ida_Chlamydomonas_1",2102,305.05999999998,710.592680351903,2478,710.593538752876,306.11800000002,298.488,313.02799999998,2478,"feature_2478",604,3.73249409828331,4.21643145964709,0
"Posi_Ida_Chlamydomonas_1",2103,305.16,931.505869624298,2432,931.506804233621,306.11800000002,301.938,322.317,2432,"feature_2432",605,-3.14051796760414,-3.29620544030103,0
"Posi_Ida_Chlamydomonas_1",2104,305.26000000002,953.527822420637,2457,953.529026176274,307.50799999998,300.558,314.40799999998,2457,"feature_2457",606,-15.6776962455735,-5.16270796372327,1
"Posi_Ida_Chlamydomonas_1",2110,305.71000000002,710.592641305648,2478,710.593538752876,306.11800000002,298.488,313.02799999998,2478,"feature_2478",607,-1.80970181789253,1.07678576396075,35
"Posi_Ida_Chlamydomonas_1",2111,305.76,736.606965455518,2595,736.609817582822,311.64799999998,304.71799999998,317.46700000002,2595,"feature_2595",608,1.73578761253502,5.42753394530383,25
"Posi_Ida_Chlamydomonas_1",2113,305.86000000002,911.523713286881,2452,911.527130165987,306.11800000002,301.938,313.02799999998,2452,"feature_2452",610,3.02380107078697,3.07292064116564,37
"Posi_Ida_Chlamydomonas_1",2115,305.95999999998,953.527638985137,2457,953.529026176274,307.50799999998,300.558,314.40799999998,2457,"feature_2457",612,-15.6752109703049,-5.16297976090345,1
"Posi_Ida_Chlamydomonas_1",2117,306.64999999998,931.505256784482,2432,931.506804233621,306.11800000002,301.938,322.317,2432,"feature_2432",613,-3.28574587669228,-3.31022755219373,0
"Posi_Ida_Chlamydomonas_1",2125,307.93999999998,736.607469500674,2595,736.609817582822,311.64799999998,304.71799999998,317.46700000002,2595,"feature_2595",614,1.83979533348228,5.45125754759875,25
"Posi_Ida_Chlamydomonas_1",2128,308.73,907.52126919004,2463,907.523548838345,305.418,300.558,312.33799999998,2463,"feature_2463",616,-17.3861560996995,-5.33456675125989,1
"Posi_Ida_Chlamydomonas_1",2133,310.11,605.313816347426,2454,605.315780223108,306.80800000002,301.938,312.33799999998,2454,"feature_2454",618,0.834775191880722,6.53633483336535,0
"Posi_Ida_Chlamydomonas_1",2136,310.8,794.659606000591,2512,794.661211695345,311.64799999998,304.71799999998,317.46700000002,2512,"feature_2512",620,-0.13598774638031,-9.3548862130824,45
"Posi_Ida_Chlamydomonas_1",2138,311.08999999998,736.608608946641,2595,736.609817582822,311.64799999998,304.71799999998,317.46700000002,2595,"feature_2595",621,-0.150275508724194,-9.34118858887586,45
"Posi_Ida_Chlamydomonas_1",2147,311.92999999998,748.608896271311,2467,748.60985350535,312.33799999998,306.80800000002,318.16699999998,2467,"feature_2467",626,-1.3650319751725,2.49592693732348,36
"Posi_Ida_Chlamydomonas_1",2148,311.98000000002,762.623731249163,2671,762.625585510527,315.09799999998,308.19799999998,320.937,2671,"feature_2671",627,1.39841793213036,5.33537324355212,26
"Posi_Ida_Chlamydomonas_1",2150,312.07999999998,794.662064421797,2512,794.661211695345,311.64799999998,304.71799999998,317.46700000002,2512,"feature_2512",629,-0.143856606297235,-9.34473721100721,45
"Posi_Ida_Chlamydomonas_1",2151,312.18,821.672184852986,2475,821.682019769731,313.71799999998,310.95799999998,319.557,2475,"feature_2475",630,0.20046324763443,-2.02617279602918,41
"Posi_Ida_Chlamydomonas_1",2153,312.61999999998,784.601521946068,2502,784.607689329997,315.09799999998,309.57799999998,319.557,2502,"feature_2502",631,0.640873235799332,-2.05157510353956,41
"Posi_Ida_Chlamydomonas_1",2154,312.87,821.681171843413,2475,821.682019769731,313.71799999998,310.95799999998,319.557,2475,"feature_2475",632,0.215702307559509,-2.02341715409192,41
"Posi_Ida_Chlamydomonas_1",2160,313.8,522.599588785429,2472,522.597862329103,313.71799999998,309.57799999998,315.38500000002,2472,"feature_2472",634,-4.2863331016526,-3.98437229706678,29
"Posi_Ida_Chlamydomonas_1",2163,314.05000000002,748.606662950357,2467,748.60985350535,312.33799999998,306.80800000002,318.16699999998,2467,"feature_2467",635,9.0845460716262,-11.8791066796962,21
"Posi_Ida_Chlamydomonas_1",2164,314.14999999998,762.624725594557,2671,762.625585510527,315.09799999998,308.19799999998,320.937,2671,"feature_2671",636,1.38185141716148,5.31741746352282,26
"Posi_Ida_Chlamydomonas_1",2165,314.25,774.623754416798,2487,774.625153177764,315.09799999998,309.57799999998,320.937,2487,"feature_2487",637,-1.35954202976082,2.4953552095708,36
"Posi_Ida_Chlamydomonas_1",2169,314.94,784.604828973242,2502,784.607689329997,315.09799999998,309.57799999998,319.557,2502,"feature_2502",638,0.614342195130844,-2.02971879555616,41
"Posi_Ida_Chlamydomonas_1",2173,315.91999999998,522.600734511928,2472,522.597862329103,313.71799999998,309.57799999998,315.38500000002,2472,"feature_2472",639,-4.34190894927834,-4.04107967926893,29
"Posi_Ida_Chlamydomonas_1",2182,316.51999999998,774.624993970401,2487,774.625153177764,315.09799999998,309.57799999998,320.937,2487,"feature_2487",641,-1.62116660442207,0.754995962839991,35
"Posi_Ida_Chlamydomonas_1",2186,317.05999999998,949.568565850663,2505,949.571579629806,316.77700000002,314.40799999998,320.937,2505,"feature_2505",644,-1.56382002200935,-0.426403114337057,34
"Posi_Ida_Chlamydomonas_1",2190,317.60899999998,936.662625000915,2580,936.663330221588,320.247,315.09799999998,327.177,2580,"feature_2580",646,-0.104707631133537,15.3506229727086,2
"Posi_Ida_Chlamydomonas_1",2191,317.71000000002,1194.81821987278,2589,1194.8215426123,319.557,314.40799999998,326.487,2589,"feature_2589",647,7.83913038406517,-6.03074995591077,20
"Posi_Ida_Chlamydomonas_1",2194,318.01000000002,1222.84709479274,2541,1222.8502745651,319.557,315.38500000002,326.487,2541,"feature_2541",650,-4.37663986053322,-4.067564645547,29
"Posi_Ida_Chlamydomonas_1",2198,318.34900000002,936.661323422008,2580,936.663330221588,320.247,315.09799999998,327.177,2580,"feature_2580",651,-0.0765282538161087,15.3250559179601,2
"Posi_Ida_Chlamydomonas_1",2200,318.45,949.567983164043,2505,949.571579629806,316.77700000002,314.40799999998,320.937,2505,"feature_2505",653,-1.6381192382798,-0.465112486619085,34
"Posi_Ida_Chlamydomonas_1",2201,318.49999999998,1194.81861554714,2589,1194.8215426123,319.557,314.40799999998,326.487,2589,"feature_2589",654,7.84872053299095,-6.0404502542201,20
"Posi_Ida_Chlamydomonas_1",2202,318.55000000002,1199.77068510307,2551,1199.77662124859,319.557,315.38500000002,326.487,2551,"feature_2551",655,-4.50021411743019,-4.17952744080457,29
"Posi_Ida_Chlamydomonas_1",2204,318.64999999998,1222.84650278815,2541,1222.8502745651,319.557,315.38500000002,326.487,2541,"feature_2541",657,-4.40751220550392,-4.09803883149061,29
"Posi_Ida_Chlamydomonas_1",2205,318.70000000002,1236.85382268106,2554,1236.85379301811,320.247,315.38500000002,325.78699999998,2554,"feature_2554",658,-4.53091194000099,-4.20778957917127,29
"Posi_Ida_Chlamydomonas_1",2207,318.999,772.592571067738,2567,772.594021822973,320.247,315.38500000002,327.177,2567,"feature_2567",659,3.67214534912254,-7.82301060273084,44
"Posi_Ida_Chlamydomonas_1",2208,319.09900000002,941.618378516335,2581,941.619056010275,320.937,314.40799999998,327.87700000002,2581,"feature_2581",660,-8.93780328597878,14.2048490850743,3
"Posi_Ida_Chlamydomonas_1",2210,319.30000000002,1199.7739405898,2551,1199.77662124859,319.557,315.38500000002,326.487,2551,"feature_2551",662,-4.523605841063,-4.20165697647962,29
"Posi_Ida_Chlamydomonas_1",2218,319.88899999998,777.548548722473,2577,777.548642031309,321.627,316.077,327.87700000002,2577,"feature_2577",666,8.7868165794387,6.96179898665515,23
"Posi_Ida_Chlamydomonas_1",2219,319.93900000002,941.617625114953,2581,941.619056010275,320.937,314.40799999998,327.87700000002,2581,"feature_2581",667,-8.94203283157204,14.2030924169835,3
"Posi_Ida_Chlamydomonas_1",2220,319.989,1215.74271002298,2552,1215.74822636632,319.557,315.38500000002,325.78699999998,2552,"feature_2552",668,-4.52330638732765,-4.2004729898158,29
"Posi_Ida_Chlamydomonas_1",2221,320.08999999998,1236.84394648819,2554,1236.85379301811,320.247,315.38500000002,325.78699999998,2554,"feature_2554",669,-4.51957799758766,-4.19678942276868,29
"Posi_Ida_Chlamydomonas_1",2225,320.77999999998,907.524516774804,2630,907.522890937828,323.70700000002,312.33799999998,330.12700000002,2630,"feature_2630",670,-17.3511772331223,-5.30280653550062,1
"Posi_Ida_Chlamydomonas_1",2229,321.31999999998,764.522975179019,2547,764.521575746082,323.007,316.77700000002,329.42299999998,2547,"feature_2547",672,-2.33841540183876,-3.1697808892909,32
"Posi_Ida_Chlamydomonas_1",2230,321.46999999998,768.573571807247,2660,768.575240230019,323.70700000002,318.16699999998,330.12700000002,2660,"feature_2660",673,15.2765121284499,9.67265780852404,15
"Posi_Ida_Chlamydomonas_1",2233,321.85900000002,768.575158205888,2660,768.575240230019,323.70700000002,318.16699999998,330.12700000002,2660,"feature_2660",674,15.2756004158035,9.67364295409289,15
"Posi_Ida_Chlamydomonas_1",2239,322.49899999998,751.548017211947,2636,751.548838085001,323.70700000002,319.557,330.12700000002,2636,"feature_2636",678,15.3248805824294,9.62430556700793,15
"Posi_Ida_Chlamydomonas_1",2240,322.54900000002,764.521578168108,2547,764.521575746082,323.007,316.77700000002,329.42299999998,2547,"feature_2547",679,-2.20420815315102,-1.69124821736249,33
"Posi_Ida_Chlamydomonas_1",2243,322.84900000002,1215.75344253796,2552,1215.74822636632,319.557,315.38500000002,325.78699999998,2552,"feature_2552",682,-4.33972312774513,-4.0470191629115,29
"Posi_Ida_Chlamydomonas_1",2248,323.29900000002,772.59176125278,2567,772.594021822973,320.247,315.38500000002,327.177,2567,"feature_2567",683,3.64712093506004,-7.7941967637721,44
"Posi_Ida_Chlamydomonas_1",2249,323.349,777.545486775571,2577,777.548642031309,321.627,316.077,327.87700000002,2577,"feature_2577",684,8.78623102340843,6.96530946181384,23
"Posi_Ida_Chlamydomonas_1",2250,323.39899999998,907.519500086356,2630,907.522890937828,323.70700000002,312.33799999998,330.12700000002,2630,"feature_2630",685,-17.3208561119065,-5.28011480881605,1
"Posi_Ida_Chlamydomonas_1",2251,323.44900000002,936.657821286582,2580,936.663330221588,320.247,315.09799999998,327.177,2580,"feature_2580",686,0.241862368918915,15.0719984381017,2
"Posi_Ida_Chlamydomonas_1",2252,323.499,1194.81514992633,2589,1194.8215426123,319.557,314.40799999998,326.487,2589,"feature_2589",687,7.84765909347679,-6.03980175568494,20
"Posi_Ida_Chlamydomonas_1",2253,323.54899999998,1222.84561811696,2541,1222.8502745651,319.557,315.38500000002,326.487,2541,"feature_2541",688,-10.5973034080491,-3.72902647568616,0
"Posi_Ida_Chlamydomonas_1",2257,324.039,632.524538919378,2622,632.524968757598,325.78699999998,318.85699999998,332.217,2622,"feature_2622",689,-9.71624185409401,-8.1139365823451,10
"Posi_Ida_Chlamydomonas_1",2258,324.13900000002,751.547042764955,2636,751.548838085001,323.70700000002,319.557,330.12700000002,2636,"feature_2636",690,15.2811126533523,9.66804679320422,15
"Posi_Ida_Chlamydomonas_1",2262,324.73900000002,638.479749343903,2629,638.482642582161,325.78699999998,322.317,332.217,2629,"feature_2629",692,-5.31955959167335,-6.18954912735853,0
"Posi_Ida_Chlamydomonas_1",2268,325.329,632.52442207742,2622,632.524968757598,325.78699999998,318.85699999998,332.217,2622,"feature_2622",693,-9.72911836471413,-8.12704197480115,10
"Posi_Ida_Chlamydomonas_1",2275,326.02900000002,612.467392179697,2615,612.467859591305,327.177,323.70700000002,330.82699999998,2615,"feature_2615",698,-5.37343646850441,-6.28205648972425,28
"Posi_Ida_Chlamydomonas_1",2276,326.12899999998,638.480715631831,2629,638.482642582161,325.78699999998,322.317,332.217,2629,"feature_2629",699,-5.33801557388161,-6.23611084534559,0
"Posi_Ida_Chlamydomonas_1",2284,327.01900000002,768.575366742626,2660,768.575240230019,323.70700000002,318.16699999998,330.12700000002,2660,"feature_2660",703,15.2954435173049,9.65362342284289,15
"Posi_Ida_Chlamydomonas_1",2290,328.419,768.572728914865,2660,768.575240230019,323.70700000002,318.16699999998,330.12700000002,2660,"feature_2660",704,15.280638677217,9.66845687316027,15
"Posi_Ida_Chlamydomonas_1",2293,329.11900000002,612.46565569049,2615,612.467859591305,327.177,323.70700000002,330.82699999998,2615,"feature_2615",705,-5.41260101165626,-6.46777931763563,27
"Posi_Ida_Chlamydomonas_1",2302,330.46900000002,750.619355857722,2658,750.623268975478,330.82699999998,320.247,337.76599999998,2658,"feature_2658",707,-5.40729238357399,-6.48749939515027,27
"Posi_Ida_Chlamydomonas_1",2311,331.85899999998,750.620420188944,2658,750.623268975478,330.82699999998,320.247,337.76599999998,2658,"feature_2658",710,-5.40371705856178,-6.47741190506849,27
"Posi_Ida_Chlamydomonas_1",2313,332.05900000002,789.646181822091,2676,789.644020425116,332.91700000002,317.46700000002,341.93599999998,2676,"feature_2676",712,2.40462062988426,1.16183801577655,39
"Posi_Ida_Chlamydomonas_1",2326,334.64899999998,721.664047214137,2740,721.665380217685,337.76599999998,331.527,344.706,2740,"feature_2740",716,8.8150377098098,16.0580519048986,4
"Posi_Ida_Chlamydomonas_1",2327,334.84900000002,789.639934455896,2676,789.644020425116,332.91700000002,317.46700000002,341.93599999998,2676,"feature_2676",717,2.41243384514,1.17900331900683,39
"Posi_Ida_Chlamydomonas_1",2329,335.289,721.664802821335,2740,721.665380217685,337.76599999998,331.527,344.706,2740,"feature_2740",718,8.81505678329613,16.0580519048986,4
"Posi_Ida_Chlamydomonas_1",2330,335.53900000002,743.646460604551,2699,743.64743694992,338.466,332.91700000002,343.326,2699,"feature_2699",719,-5.42035056915138,-6.48819557740125,27
"Posi_Ida_Chlamydomonas_1",2337,337.40899999998,738.623674299099,2774,738.625317311709,341.24599999998,335.007,347.62999999998,2774,"feature_2774",721,1.86425779495384,5.43296178267565,25
"Posi_Ida_Chlamydomonas_1",2341,338.00800000002,738.625009135019,2774,738.625317311709,341.24599999998,335.007,347.62999999998,2774,"feature_2774",723,1.82741258773949,5.45101340697375,25
"Posi_Ida_Chlamydomonas_1",2350,338.99899999998,743.646067921964,2699,743.64743694992,338.466,332.91700000002,343.326,2699,"feature_2699",727,-5.42601062621925,-6.47207132889661,27
"Posi_Ida_Chlamydomonas_1",2355,340.08799999998,721.662877031013,2740,721.665380217685,337.76599999998,331.527,344.706,2740,"feature_2740",729,8.81504724655296,16.0580900518712,4
"Posi_Ida_Chlamydomonas_1",2356,340.23799999998,766.645684380955,2716,766.647334985822,343.326,338.466,351.77599999998,2716,"feature_2716",730,-1.7045699533448,-0.307985553282827,34
"Posi_Ida_Chlamydomonas_1",2362,340.98799999998,721.6653211376,2740,721.665380217685,337.76599999998,331.527,344.706,2740,"feature_2740",732,8.81506155166771,16.0580614416417,4
"Posi_Ida_Chlamydomonas_1",2363,341.088,765.643909101204,2754,765.643944140351,343.326,337.76599999998,349.69600000002,2754,"feature_2754",733,1.51650546226646,5.4005635587987,26
"Posi_Ida_Chlamydomonas_1",2365,341.778,766.645876873957,2716,766.647334985822,343.326,338.466,351.77599999998,2716,"feature_2716",734,-1.70661725368355,0.0291195812192264,35
"Posi_Ida_Chlamydomonas_1",2373,342.96799999998,685.437090792814,2784,685.436026863588,346.79599999998,341.24599999998,353.84599999998,2784,"feature_2784",737,1.99472878608849,-1.58949355198774,40
"Posi_Ida_Chlamydomonas_1",2374,343.068,738.625698265635,2774,738.625317311709,341.24599999998,335.007,347.62999999998,2774,"feature_2774",738,1.72691140804436,5.42236121581164,25
"Posi_Ida_Chlamydomonas_1",2377,343.608,680.478945153998,2841,680.480876066999,346.79599999998,340.54600000002,353.15599999998,2841,"feature_2841",740,8.91560457382347,-1.4426319987956,5
"Posi_Ida_Chlamydomonas_1",2378,343.85800000002,738.626468097776,2774,738.625317311709,341.24599999998,335.007,347.62999999998,2774,"feature_2774",741,1.40433905754234,5.33562358306018,26
"Posi_Ida_Chlamydomonas_1",2380,344.148,663.455106536302,2764,663.453957381097,346.79599999998,341.24599999998,353.84599999998,2764,"feature_2764",742,8.9136705223098,-1.44124905182752,5
"Posi_Ida_Chlamydomonas_1",2381,344.24800000002,680.481925734957,2841,680.480876066999,346.79599999998,340.54600000002,353.15599999998,2841,"feature_2841",743,8.96889780197288,-1.49253396107587,5
"Posi_Ida_Chlamydomonas_1",2382,344.39800000002,685.43644605365,2784,685.436026863588,346.79599999998,341.24599999998,353.84599999998,2784,"feature_2784",744,1.99512289199974,-1.59021059586439,40
"Posi_Ida_Chlamydomonas_1",2383,344.54800000002,708.512538896787,2800,708.51142097075,346.79599999998,341.93599999998,353.84599999998,2800,"feature_2800",745,8.73923299942162,-1.28454498364362,5
"Posi_Ida_Chlamydomonas_1",2386,344.94799999998,663.453901365698,2764,663.453957381097,346.79599999998,341.24599999998,353.84599999998,2764,"feature_2764",746,8.95933817062523,-1.48657218529615,5
"Posi_Ida_Chlamydomonas_1",2387,345.048,701.407487746806,2737,701.409531563989,347.48599999998,342.636,353.84599999998,2737,"feature_2737",747,-5.50848342742775,-6.2859746606532,28
"Posi_Ida_Chlamydomonas_1",2388,345.14800000002,708.511357200916,2800,708.51142097075,346.79599999998,341.93599999998,353.84599999998,2800,"feature_2800",748,8.73163316879417,-1.27710870816144,5
"Posi_Ida_Chlamydomonas_1",2393,345.588,552.534693031569,2762,552.534655860921,347.62999999998,343.326,354.546,2762,"feature_2762",750,-5.48023940887306,-6.32879225327405,28
"Posi_Ida_Chlamydomonas_1",2394,345.63799999998,574.519109036563,2763,574.517185816304,348.31600000002,342.636,355.23499999998,2763,"feature_2763",751,2.58308766517784,-1.63811997486982,40
"Posi_Ida_Chlamydomonas_1",2396,345.738,694.494435776603,2719,694.496326797478,346.79599999998,343.326,349.69600000002,2719,"feature_2719",752,3.31903336677696,-2.01949016167554,40
"Posi_Ida_Chlamydomonas_1",2398,345.93799999998,765.642382908625,2754,765.643944140351,343.326,337.76599999998,349.69600000002,2754,"feature_2754",754,1.48376844558861,5.38387092040148,26
"Posi_Ida_Chlamydomonas_1",2400,346.38799999998,552.535122280214,2762,552.534655860921,347.62999999998,343.326,354.546,2762,"feature_2762",755,-5.49467279281471,-6.31449429108533,28
"Posi_Ida_Chlamydomonas_1",2404,347.028,694.490331477463,2719,694.496326797478,346.79599999998,343.326,349.69600000002,2719,"feature_2719",756,8.71093462143089,-1.26401452137861,5
"Posi_Ida_Chlamydomonas_1",2414,348.54799999998,685.43695026619,2784,685.436026863588,346.79599999998,341.24599999998,353.84599999998,2784,"feature_2784",759,2.00303505096581,-1.58965210034284,40
"Posi_Ida_Chlamydomonas_1",2420,349.23799999998,574.517784582958,2763,574.517185816304,348.31600000002,342.636,355.23499999998,2763,"feature_2763",762,2.5805246654525,-1.63960842205915,40
"Posi_Ida_Chlamydomonas_1",2421,349.38799999998,680.481735257927,2841,680.480876066999,346.79599999998,340.54600000002,353.15599999998,2841,"feature_2841",763,8.87272833023216,-1.40395406796369,5
"Posi_Ida_Chlamydomonas_1",2422,349.53799999998,685.437442182804,2784,685.436026863588,346.79599999998,341.24599999998,353.84599999998,2784,"feature_2784",764,1.9959983650222,-1.58961812569532,40
"Posi_Ida_Chlamydomonas_1",2426,349.88800000002,680.480605328155,2841,680.480876066999,346.79599999998,340.54600000002,353.15599999998,2841,"feature_2841",765,8.82724569473412,-1.36055187298688,5
"Posi_Ida_Chlamydomonas_1",2427,349.938,708.511204903352,2800,708.51142097075,346.79599999998,341.93599999998,353.84599999998,2800,"feature_2800",766,8.72512624893333,-1.27280811383161,5
"Posi_Ida_Chlamydomonas_1",2433,350.238,910.536341638455,2777,910.540351795135,351.08599999998,344.016,358.02499999998,2777,"feature_2777",768,-5.15856363143776,10.2882421819982,11
"Posi_Ida_Chlamydomonas_1",2438,350.628,701.41141136751,2737,701.409531563989,347.48599999998,342.636,353.84599999998,2737,"feature_2737",769,-5.55040695037697,-6.20228878571424,28
"Posi_Ida_Chlamydomonas_1",2439,350.67799999998,708.510248218058,2800,708.51142097075,346.79599999998,341.93599999998,353.84599999998,2800,"feature_2800",770,8.71561239395287,-1.26591400219831,5
"Posi_Ida_Chlamydomonas_1",2447,351.618,910.539001173902,2777,910.540351795135,351.08599999998,344.016,358.02499999998,2777,"feature_2777",774,-5.14715339507912,10.2748163549718,11
"Posi_Ida_Chlamydomonas_1",2460,354.08800000002,551.633919431567,2773,551.634172440931,354.546,350.39599999998,363.909,2773,"feature_2773",775,-5.49574233856056,-6.14916626526746,28
"Posi_Ida_Chlamydomonas_1",2461,354.23800000002,608.52527042081,2824,608.524562305516,355.935,349.00600000002,361.665,2824,"feature_2824",776,3.91706655655052,10.4596031515416,8
"Posi_Ida_Chlamydomonas_1",2468,354.828,551.62967766284,2773,551.634172440931,354.546,350.39599999998,363.909,2773,"feature_2773",777,-5.51254131164406,-6.14645210816297,28
"Posi_Ida_Chlamydomonas_1",2471,355.07800000002,639.49484940414,2819,639.495237660666,355.935,349.00600000002,361.665,2819,"feature_2819",779,-5.63153650131081,2.34889968321887,24
"Posi_Ida_Chlamydomonas_1",2474,355.77799999998,608.525190514159,2824,608.524562305516,355.935,349.00600000002,361.665,2824,"feature_2824",780,3.95371721420433,10.4195402471837,8
"Posi_Ida_Chlamydomonas_1",2478,356.46799999998,639.495452895168,2819,639.495237660666,355.935,349.00600000002,361.665,2819,"feature_2819",781,-5.63153030242775,2.3491354791936,24
"Posi_Ida_Chlamydomonas_1",2486,357.86800000002,752.641535205236,2836,752.640402494115,359.415,355.23499999998,363.765,2836,"feature_2836",783,-1.62977315749977,0.771190127592951,35
"Posi_Ida_Chlamydomonas_1",2502,360.70699999998,752.640905422309,2836,752.640402494115,359.415,355.23499999998,363.765,2836,"feature_2836",785,-1.63011099662636,0.776917597514063,35
"Posi_Ida_Chlamydomonas_1",2503,360.807,893.542008889937,2962,893.542198535257,363.765,358.02499999998,370.13500000002,2962,"feature_2962",786,6.57525013122704,-14.226153531808,22
"Posi_Ida_Chlamydomonas_1",2508,361.50700000002,893.542164466655,2962,893.542198535257,363.765,358.02499999998,370.13500000002,2962,"feature_2962",788,6.55003069076683,-14.2015077264491,22
"Posi_Ida_Chlamydomonas_1",2511,362.20699999998,915.524562233466,2874,915.52326717602,363.765,358.725,370.82500000002,2874,"feature_2874",790,-13.1019525703416,5.64981015608874,13
"Posi_Ida_Chlamydomonas_1",2516,363.60700000002,915.524519580025,2874,915.52326717602,363.765,358.725,370.82500000002,2874,"feature_2874",793,-13.1019363578782,5.64981015608874,13
"Posi_Ida_Chlamydomonas_1",2529,365.577,893.543080686847,2962,893.542198535257,363.765,358.02499999998,370.13500000002,2962,"feature_2962",796,6.57242201004173,-14.2236282022181,22
"Posi_Ida_Chlamydomonas_1",2532,366.267,721.551983661911,2907,721.55561574276,368.055,363.06499999998,375.72400000002,2907,"feature_2907",798,1.48099814090874,-4.50264708115491,42
"Posi_Ida_Chlamydomonas_1",2533,366.51700000002,893.54330646743,2962,893.542198535257,363.765,358.02499999998,370.13500000002,2962,"feature_2962",799,6.57096002731468,-14.2223664910975,22
"Posi_Ida_Chlamydomonas_1",2540,367.20700000002,939.552542963952,2909,939.549231372026,368.745,363.06499999998,376.42399999998,2909,"feature_2909",802,-17.1985359367356,-5.18498245789441,1
"Posi_Ida_Chlamydomonas_1",2543,367.69699999998,721.555338906445,2907,721.55561574276,368.055,363.06499999998,375.72400000002,2907,"feature_2907",804,1.47224186096336,-4.50486294342908,42
"Posi_Ida_Chlamydomonas_1",2556,369.27700000002,939.551196137583,2909,939.549231372026,368.745,363.06499999998,376.42399999998,2909,"feature_2909",806,-16.973098772429,-5.01652542664441,1
"Posi_Ida_Chlamydomonas_1",2604,379.21699999998,893.54408490438,2963,893.54234365316,381.774,370.13500000002,386.874,2963,"feature_2963",810,6.56995437774803,-14.221982160348,22
"Posi_Ida_Chlamydomonas_1",2610,380.76700000002,893.543257368324,2963,893.54234365316,381.774,370.13500000002,386.874,2963,"feature_2963",813,6.57008455429222,-14.2221128137294,22
"Posi_Ida_Chlamydomonas_1",2654,391.056,641.509144709641,3062,641.511123565887,394.71700000002,389.664,399.86899999998,3062,"feature_3062",817,-5.56721402969215,-6.03748909546766,28
"Posi_Ida_Chlamydomonas_1",2661,392.17600000002,636.557525711353,3065,636.556085526378,394.71700000002,389.664,399.717,3065,"feature_3065",818,-5.39382697906349,6.39968713210192,11
"Posi_Ida_Chlamydomonas_1",2671,392.826,641.511988134627,3062,641.511123565887,394.71700000002,389.664,399.86899999998,3062,"feature_3062",819,-5.60397626724098,-6.04712120606336,28
"Posi_Ida_Chlamydomonas_1",2675,393.71599999998,636.557869875523,3065,636.556085526378,394.71700000002,389.664,399.717,3065,"feature_3065",820,-5.39377881851051,6.399636110526,11
"Posi_Ida_Chlamydomonas_1",2714,401.97499999998,617.509408352137,3120,617.51146254293,405.26299999998,399.86899999998,415.23199999998,3120,"feature_3120",821,2.99751184616234,-5.18723169876966,43
"Posi_Ida_Chlamydomonas_1",2719,402.57499999998,612.557372557017,3119,612.556053138696,403.85599999998,399.86899999998,411.423,3119,"feature_3119",822,0.258063447810669,15.0563419668492,2
"Posi_Ida_Chlamydomonas_1",2720,402.675,617.511461707935,3120,617.51146254293,405.26299999998,399.86899999998,415.23199999998,3120,"feature_3120",823,3.02929924163963,-5.20495239807996,43
"Posi_Ida_Chlamydomonas_1",2722,403.13500000002,612.556834597642,3119,612.556053138696,403.85599999998,399.86899999998,411.423,3119,"feature_3119",824,0.257251304723282,15.0572021810826,2
"Posi_Ida_Chlamydomonas_1",2759,411.95500000002,887.572060586799,3189,887.569680101451,412.96300000002,408.64300000002,417.474,3189,"feature_3189",826,-2.06735576953743,-0.958712795514196,34
"Posi_Ida_Chlamydomonas_1",2766,413.31499999998,887.568034323695,3189,887.569680101451,412.96300000002,408.64300000002,417.474,3189,"feature_3189",827,-2.07131387557838,-0.984999039906591,34
"Posi_Ida_Chlamydomonas_1",2838,428.44399999998,893.556964992727,3232,893.555261012637,430.71199999998,423.70699999998,436.83100000002,3232,"feature_3232",832,7.52500818405296,-5.73198715760145,20
"Posi_Ida_Chlamydomonas_1",2841,428.95399999998,873.578690876306,3272,873.579075053058,430.85500000002,424.40200000002,436.83100000002,3272,"feature_3272",833,-12.8708830055222,1.77020224021044,14
"Posi_Ida_Chlamydomonas_1",2844,429.85399999998,871.573823706085,3280,871.573723743364,430.85500000002,423.70699999998,436.83100000002,3280,"feature_3280",835,-12.8815288719163,1.77974673197833,14
"Posi_Ida_Chlamydomonas_1",2846,430.30399999998,873.578946182902,3272,873.579075053058,430.85500000002,424.40200000002,436.83100000002,3272,"feature_3272",836,-12.8711490806565,1.77048285887805,14
"Posi_Ida_Chlamydomonas_1",2847,430.554,893.552942667898,3232,893.555261012637,430.71199999998,423.70699999998,436.83100000002,3232,"feature_3232",837,7.5268411460891,-5.73402849747571,20
"Posi_Ida_Chlamydomonas_1",2872,434.53399999998,871.572042398183,3280,871.573723743364,430.85500000002,423.70699999998,436.83100000002,3280,"feature_3280",838,-12.909938829802,1.80752488062945,14
"Posi_Ida_Chlamydomonas_1",2935,444.513,647.458754825088,3313,647.458803897424,447.60100000002,441.741,454.54099999998,3313,"feature_3313",847,-8.50723077621315,14.3834551183995,3
"Posi_Ida_Chlamydomonas_1",2938,445.21300000002,647.459365236745,3313,647.458803897424,447.60100000002,441.741,454.54099999998,3313,"feature_3313",848,-8.82222081985329,14.3019007055577,3
"Posi_Ida_Chlamydomonas_1",2957,450.20299999998,647.457978885101,3313,647.458803897424,447.60100000002,441.741,454.54099999998,3313,"feature_3313",849,-8.8505535301194,14.2705944387731,3
"Posi_Ida_Chlamydomonas_1",2961,450.89299999998,647.458997175682,3313,647.458803897424,447.60100000002,441.741,454.54099999998,3313,"feature_3313",850,-8.85673333968971,14.2687147466954,3
"Posi_Ida_Chlamydomonas_1",3849,599.835,872.767826583042,4014,872.769712963602,601.893,593.86300000002,616.122,4014,"feature_4014",871,2.3253280941024,-5.52497831894788,43
"Posi_Ida_Chlamydomonas_1",3854,601.02499999998,878.728359884897,4012,878.730172839505,600.49099999998,595.27300000002,611.19199999998,4012,"feature_4012",873,-5.47805215682838,-5.94086376740369,28
"Posi_Ida_Chlamydomonas_1",3864,601.73500000002,872.766835274212,4014,872.769712963602,601.893,593.86300000002,616.122,4014,"feature_4014",874,2.31967495117332,-5.5348817498866,43
"Posi_Ida_Chlamydomonas_1",3874,603.14500000002,898.785623943568,3999,898.785166986941,602.59300000002,593.163,611.19199999998,3999,"feature_3999",875,2.87702010307457,-5.18273274018201,43
"Posi_Ida_Chlamydomonas_1",3884,604.455,878.731545167634,4012,878.730172839505,600.49099999998,595.27300000002,611.19199999998,4012,"feature_4012",876,-5.46399404373024,-5.93032280518445,28
"Posi_Ida_Chlamydomonas_1",3885,604.55500000002,898.78601854817,3999,898.785166986941,602.59300000002,593.163,611.19199999998,3999,"feature_3999",877,2.8793380085006,-5.19895903183851,43
"Posi_Ida_Chlamydomonas_1",3953,618.61399999998,823.756362189584,4094,823.75651185283,619.01800000002,610.49200000002,626.90200000002,4094,"feature_4094",879,1.24738119278099,-4.63198868348035,42
"Posi_Ida_Chlamydomonas_1",3954,618.714,849.771381790678,4113,849.77321853914,620.57200000002,615.42199999998,627.612,4113,"feature_4113",880,1.49353657398369,-4.50222937180433,42
"Posi_Ida_Chlamydomonas_1",3963,620.31400000002,823.75806994844,4094,823.75651185283,619.01800000002,610.49200000002,626.90200000002,4094,"feature_4094",882,1.25077257785942,-4.62208525254163,42
"Posi_Ida_Chlamydomonas_1",3964,620.41399999998,848.766117042517,4134,848.769086776305,620.57200000002,614.01199999998,628.75699999998,4134,"feature_4134",883,2.22858880195763,-5.55813709809217,43
"Posi_Ida_Chlamydomonas_1",3969,621.00400000002,849.77096199299,4113,849.77321853914,620.57200000002,615.42199999998,627.612,4113,"feature_4113",884,1.36983523998405,-4.57630316330823,42
"Posi_Ida_Chlamydomonas_1",3970,621.10399999998,874.784395660269,4118,874.785678588919,622.67200000002,617.30200000002,627.76999999998,4118,"feature_4118",885,2.48142121467735,-5.42255035950574,43
"Posi_Ida_Chlamydomonas_1",3982,623.22400000002,880.743555788823,4119,880.745648027011,623.382,618.02200000002,627.76999999998,4119,"feature_4119",886,-5.48572446670387,-5.9208213479701,28
"Posi_Ida_Chlamydomonas_1",3992,623.874,874.78389731244,4118,874.785678588919,622.67200000002,617.30200000002,627.76999999998,4118,"feature_4118",888,2.48661730919029,-5.41821114136609,43
"Posi_Ida_Chlamydomonas_1",3993,623.92399999998,880.744098232066,4119,880.745648027011,623.382,618.02200000002,627.76999999998,4119,"feature_4119",889,-5.48391534652565,-5.89873091294202,28
"Posi_Ida_Chlamydomonas_1",4006,625.33399999998,848.769289526433,4134,848.769086776305,620.57200000002,614.01199999998,628.75699999998,4134,"feature_4134",890,2.276442987062,-5.55329100205335,43
"Posi_Ida_Chlamydomonas_1",4118,641.283,824.77169793087,4190,824.772684074283,642.13099999998,636.22099999998,648.19099999998,4190,"feature_4190",891,3.33475206527855,-5.34786478592786,43
"Posi_Ida_Chlamydomonas_1",4122,641.673,824.766388752,4190,824.772684074283,642.13099999998,636.22099999998,648.19099999998,4190,"feature_4190",892,3.3314738098159,-5.34805647446546,43
"Posi_Ida_Chlamydomonas_1",4124,641.87299999998,855.741877829749,4221,855.742966091398,642.97600000002,640.03099999998,650.31,4221,"feature_4221",894,-9.48986055221413,6.55484660552111,13
"Posi_Ida_Chlamydomonas_1",4127,642.67300000002,877.797770577646,4218,877.801880718936,644.38099999998,639.321,651.01000000002,4218,"feature_4218",896,1.94804714355614,-6.14982477738294,43
"Posi_Ida_Chlamydomonas_1",4130,643.52299999998,877.794682282137,4218,877.801880718936,644.38099999998,639.321,651.01000000002,4218,"feature_4218",897,1.94864462051537,-6.14948479248914,43
"Posi_Ida_Chlamydomonas_1",4167,647.33299999998,855.738364695101,4221,855.742966091398,642.97600000002,640.03099999998,650.31,4221,"feature_4221",900,-9.50044729080055,6.57223351882067,13
"Posi_Ida_Chlamydomonas_1",4214,653.00299999998,870.837903515812,4270,870.836511845872,654.58999999998,650.31,659.37,4270,"feature_4270",902,0.851111156083603,-4.49766604020032,42
"Posi_Ida_Chlamydomonas_1",4242,656.82199999998,870.837492109276,4270,870.836511845872,654.58999999998,650.31,659.37,4270,"feature_4270",904,0.827851516343613,-4.47813765122327,42
"Posi_Ida_Chlamydomonas_1",4358,670.85200000002,1033.91448279583,4351,1033.91303295524,673.119,668.89900000002,678.189,4351,"feature_4351",905,-9.47060014571999,6.57696231291857,13
"Posi_Ida_Chlamydomonas_1",4365,671.55199999998,1033.90926674299,4351,1033.91303295524,673.119,668.89900000002,678.189,4351,"feature_4351",906,-9.34334661331032,6.56477960036364,0
"Posi_Ida_Chlamydomonas_1",4566,694.60099999998,724.695868750808,4446,724.696015429362,696.168,691.25800000002,701.76799999998,4446,"feature_4446",911,-5.61638786163185,2.32759316847888,24
"Posi_Ida_Chlamydomonas_1",4569,695.301,724.695366292567,4446,724.696015429362,696.168,691.25800000002,701.76799999998,4446,"feature_4446",912,-5.60329248275612,2.31385954306689,24
